<?xml version="1.0" encoding="UTF-8"?>
<!DOCTYPE hibernate-configuration PUBLIC "-//Hibernate/Hibernate Configuration DTD 3.0//EN"
                                         "http://hibernate.sourceforge.net/hibernate-configuration-3.0.dtd">
<hibernate-configuration>
	<session-factory>
		<property name="hibernate.connection.driver_class">com.mysql.jdbc.Driver</property>
		<property name="hibernate.connection.url">jdbc:mysql://localhost:3306/syncplicity</property>
		<property name="hibernate.connection.username">root</property>
		<property name="hibernate.connection.password">root</property>

		<property name="hibernate.hbm2ddl.auto">update</property>
		<property name="hibernate.dialect">org.hibernate.dialect.MySQLDialect</property>
		<property name="hibernate.show_sql">true</property>

		<mapping class="edu.neu.pojo.Credential"/>
		<mapping class="edu.neu.pojo.Employer"/>
		<mapping class="edu.neu.pojo.Job"/>
		<mapping class="edu.neu.pojo.Person"/>
		<mapping class="edu.neu.pojo.Educational"/>
		<mapping class="edu.neu.pojo.Professional"/>
		<mapping class="edu.neu.pojo.Skill"/>
		<mapping class="edu.neu.pojo.Application"/>
		
	</session-factory>
</hibernate-configuration>
